date,init,timestamp,datastream,get_resources,datastreamconfgen,ngenconfgen,get_forcings,validation,ngen,merkle,tar,s3_move
20250510,00,20250510T00,368.0,12.0,25.0,16.0,2.0,32.0,260.0,11.0,4.0,5.0
20250510,01,20250510T01,345.0,13.0,26.0,16.0,2.0,26.0,239.0,11.0,4.0,5.0
20250510,02,20250510T02,336.0,11.0,25.0,15.0,2.0,29.0,235.0,9.0,4.0,5.0
20250510,03,20250510T03,349.0,13.0,26.0,16.0,2.0,25.0,248.0,9.0,3.0,5.0
20250510,04,20250510T04,349.0,13.0,26.0,16.0,2.0,31.0,240.0,12.0,4.0,5.0
20250510,05,20250510T05,347.0,14.0,30.0,16.0,2.0,26.0,239.0,11.0,3.0,5.0
20250510,06,20250510T06,,,,,,,,,,
20250510,07,20250510T07,340.0,12.0,25.0,14.0,2.0,27.0,238.0,10.0,4.0,5.0
20250510,08,20250510T08,349.0,12.0,25.0,13.0,2.0,25.0,251.0,11.0,4.0,6.0
20250510,09,20250510T09,356.0,12.0,24.0,16.0,1.0,24.0,256.0,12.0,4.0,6.0
20250510,10,20250510T10,336.0,12.0,25.0,10.0,2.0,31.0,234.0,10.0,4.0,7.0
20250510,11,20250510T11,352.0,12.0,26.0,16.0,2.0,29.0,248.0,11.0,4.0,5.0
20250510,12,20250510T12,350.0,13.0,25.0,15.0,2.0,22.0,252.0,11.0,3.0,5.0
20250510,13,20250510T13,337.0,12.0,26.0,14.0,2.0,24.0,237.0,11.0,4.0,5.0
20250510,14,20250510T14,353.0,12.0,25.0,14.0,2.0,24.0,256.0,10.0,4.0,6.0
20250510,15,20250510T15,325.0,12.0,25.0,11.0,3.0,22.0,234.0,9.0,3.0,5.0
20250510,16,20250510T16,356.0,14.0,31.0,14.0,2.0,24.0,255.0,8.0,3.0,5.0
20250510,17,20250510T17,322.0,13.0,25.0,9.0,2.0,23.0,229.0,10.0,3.0,5.0
20250510,18,20250510T18,354.0,13.0,17.0,16.0,2.0,30.0,256.0,11.0,4.0,5.0
20250510,19,20250510T19,332.0,13.0,25.0,18.0,2.0,26.0,230.0,10.0,3.0,5.0
20250510,20,20250510T20,338.0,12.0,24.0,10.0,2.0,20.0,249.0,11.0,3.0,5.0
20250510,21,20250510T21,324.0,11.0,24.0,15.0,2.0,24.0,232.0,6.0,3.0,5.0
20250510,22,20250510T22,398.0,16.0,44.0,19.0,2.0,29.0,267.0,12.0,4.0,6.0
20250510,23,20250510T23,350.0,11.0,25.0,15.0,2.0,24.0,253.0,10.0,4.0,10.0
20250511,00,20250511T00,,,,,,,,,,
20250511,01,20250511T01,352.0,12.0,25.0,11.0,2.0,21.0,261.0,11.0,3.0,6.0
20250511,02,20250511T02,341.0,12.0,25.0,12.0,2.0,22.0,248.0,11.0,4.0,5.0
20250511,03,20250511T03,355.0,12.0,23.0,15.0,1.0,26.0,256.0,11.0,4.0,6.0
20250511,04,20250511T04,352.0,13.0,25.0,14.0,2.0,24.0,255.0,10.0,3.0,5.0
20250511,05,20250511T05,313.0,10.0,14.0,16.0,2.0,24.0,231.0,6.0,4.0,8.0
20250511,06,20250511T06,333.0,12.0,25.0,16.0,1.0,24.0,235.0,10.0,4.0,5.0
20250511,07,20250511T07,331.0,11.0,24.0,15.0,1.0,28.0,232.0,11.0,3.0,4.0
20250511,08,20250511T08,332.0,12.0,25.0,11.0,2.0,21.0,247.0,6.0,3.0,6.0
20250511,09,20250511T09,354.0,13.0,25.0,17.0,2.0,27.0,251.0,10.0,4.0,6.0
20250511,10,20250511T10,340.0,12.0,26.0,15.0,2.0,24.0,239.0,11.0,3.0,5.0
20250511,11,20250511T11,355.0,13.0,25.0,14.0,2.0,31.0,249.0,11.0,4.0,5.0
20250511,12,20250511T12,345.0,12.0,25.0,14.0,2.0,23.0,247.0,10.0,4.0,9.0
20250511,13,20250511T13,337.0,11.0,23.0,17.0,2.0,24.0,237.0,11.0,4.0,5.0
20250511,14,20250511T14,342.0,11.0,26.0,15.0,2.0,29.0,237.0,11.0,3.0,6.0
20250511,15,20250511T15,330.0,13.0,25.0,16.0,2.0,24.0,234.0,6.0,3.0,5.0
20250511,16,20250511T16,348.0,12.0,18.0,16.0,2.0,25.0,254.0,11.0,4.0,9.0
20250511,17,20250511T17,353.0,12.0,26.0,16.0,2.0,24.0,250.0,11.0,4.0,6.0
20250511,18,20250511T18,351.0,12.0,24.0,16.0,2.0,31.0,245.0,11.0,4.0,6.0
20250511,19,20250511T19,332.0,11.0,17.0,16.0,2.0,30.0,237.0,11.0,3.0,5.0
20250511,20,20250511T20,367.0,13.0,27.0,17.0,2.0,29.0,257.0,12.0,4.0,6.0
20250511,21,20250511T21,345.0,12.0,26.0,15.0,2.0,27.0,244.0,10.0,4.0,5.0
20250511,22,20250511T22,339.0,12.0,26.0,16.0,2.0,25.0,238.0,10.0,3.0,5.0
20250511,23,20250511T23,355.0,11.0,24.0,15.0,2.0,24.0,258.0,10.0,3.0,5.0
20250512,00,20250512T00,348.0,29.0,22.0,14.0,2.0,25.0,236.0,11.0,4.0,5.0
20250512,01,20250512T01,357.0,12.0,25.0,15.0,2.0,29.0,252.0,11.0,3.0,6.0
20250512,02,20250512T02,358.0,13.0,25.0,16.0,2.0,25.0,255.0,11.0,4.0,6.0
20250512,03,20250512T03,349.0,12.0,25.0,15.0,2.0,25.0,249.0,11.0,4.0,5.0
20250512,04,20250512T04,358.0,12.0,24.0,15.0,2.0,33.0,250.0,11.0,4.0,5.0
20250512,05,20250512T05,339.0,14.0,28.0,14.0,2.0,24.0,236.0,11.0,4.0,5.0
20250512,06,20250512T06,342.0,12.0,17.0,10.0,2.0,32.0,248.0,12.0,3.0,5.0
20250512,07,20250512T07,336.0,12.0,25.0,15.0,2.0,29.0,232.0,11.0,3.0,5.0
20250512,08,20250512T08,350.0,11.0,24.0,15.0,2.0,28.0,249.0,11.0,4.0,5.0
20250512,09,20250512T09,367.0,12.0,27.0,16.0,2.0,33.0,256.0,12.0,4.0,5.0
20250512,10,20250512T10,344.0,13.0,28.0,26.0,2.0,27.0,232.0,5.0,4.0,5.0
20250512,11,20250512T11,349.0,12.0,24.0,11.0,2.0,32.0,246.0,12.0,4.0,5.0
20250512,12,20250512T12,354.0,12.0,27.0,16.0,2.0,28.0,248.0,12.0,4.0,6.0
20250512,13,20250512T13,369.0,17.0,38.0,17.0,2.0,35.0,237.0,13.0,3.0,5.0
20250512,14,20250512T14,352.0,14.0,27.0,17.0,2.0,35.0,234.0,13.0,3.0,5.0
20250512,15,20250512T15,339.0,12.0,24.0,15.0,2.0,24.0,242.0,11.0,3.0,5.0
20250512,16,20250512T16,354.0,14.0,26.0,15.0,3.0,32.0,242.0,12.0,4.0,6.0
20250512,17,20250512T17,355.0,13.0,25.0,15.0,2.0,25.0,253.0,11.0,3.0,6.0
20250512,18,20250512T18,,,,,,,,,,
20250512,19,20250512T19,370.0,13.0,27.0,16.0,2.0,34.0,254.0,12.0,4.0,5.0
20250512,20,20250512T20,,,,,,,,,,
20250512,21,20250512T21,333.0,12.0,25.0,13.0,2.0,26.0,233.0,11.0,3.0,5.0
20250512,22,20250512T22,336.0,11.0,18.0,16.0,1.0,23.0,246.0,11.0,3.0,7.0
20250512,23,20250512T23,345.0,16.0,25.0,17.0,2.0,25.0,239.0,12.0,3.0,5.0
20250513,00,20250513T00,361.0,11.0,25.0,16.0,2.0,31.0,255.0,12.0,4.0,6.0
20250513,01,20250513T01,,,,,,,,,,
20250513,02,20250513T02,343.0,12.0,26.0,16.0,2.0,24.0,243.0,11.0,3.0,5.0
20250513,03,20250513T03,328.0,11.0,25.0,15.0,2.0,33.0,226.0,5.0,3.0,6.0
20250513,04,20250513T04,341.0,12.0,24.0,16.0,1.0,31.0,236.0,12.0,3.0,5.0
20250513,05,20250513T05,,,,,,,,,,
20250513,06,20250513T06,,,,,,,,,,
20250513,07,20250513T07,371.0,11.0,24.0,16.0,2.0,32.0,262.0,12.0,4.0,6.0
20250513,08,20250513T08,353.0,28.0,17.0,15.0,2.0,29.0,240.0,12.0,4.0,5.0
20250513,09,20250513T09,352.0,13.0,26.0,16.0,2.0,24.0,251.0,9.0,4.0,6.0
20250513,10,20250513T10,381.0,12.0,26.0,29.0,2.0,36.0,255.0,12.0,4.0,6.0
20250513,11,20250513T11,344.0,12.0,24.0,14.0,2.0,37.0,233.0,12.0,4.0,5.0
20250513,12,20250513T12,348.0,12.0,26.0,15.0,2.0,34.0,238.0,12.0,3.0,5.0
20250513,13,20250513T13,377.0,17.0,27.0,19.0,2.0,34.0,255.0,12.0,4.0,6.0
20250513,14,20250513T14,353.0,14.0,24.0,21.0,2.0,28.0,240.0,12.0,4.0,5.0
20250513,15,20250513T15,351.0,11.0,23.0,14.0,2.0,24.0,255.0,11.0,3.0,6.0
20250513,16,20250513T16,355.0,12.0,27.0,20.0,3.0,32.0,239.0,12.0,3.0,5.0
20250513,17,20250513T17,323.0,11.0,23.0,14.0,2.0,24.0,231.0,6.0,4.0,6.0
20250513,18,20250513T18,366.0,13.0,27.0,16.0,2.0,25.0,262.0,11.0,4.0,6.0
20250513,19,20250513T19,362.0,12.0,26.0,12.0,2.0,32.0,257.0,11.0,4.0,5.0
20250513,20,20250513T20,360.0,13.0,25.0,32.0,2.0,32.0,233.0,12.0,4.0,5.0
20250513,21,20250513T21,353.0,13.0,25.0,16.0,2.0,27.0,241.0,11.0,4.0,5.0
20250513,22,20250513T22,345.0,12.0,25.0,8.0,2.0,27.0,249.0,11.0,4.0,6.0
20250513,23,20250513T23,351.0,11.0,26.0,16.0,2.0,32.0,241.0,12.0,4.0,5.0
20250514,00,20250514T00,414.0,68.0,24.0,16.0,2.0,29.0,254.0,11.0,4.0,5.0
20250514,01,20250514T01,355.0,15.0,27.0,15.0,2.0,33.0,240.0,11.0,4.0,5.0
20250514,02,20250514T02,342.0,11.0,24.0,17.0,2.0,32.0,235.0,10.0,4.0,5.0
20250514,03,20250514T03,342.0,13.0,24.0,16.0,2.0,32.0,235.0,12.0,3.0,5.0
20250514,04,20250514T04,350.0,12.0,24.0,14.0,2.0,26.0,250.0,11.0,4.0,5.0
20250514,05,20250514T05,330.0,12.0,23.0,14.0,2.0,32.0,228.0,11.0,3.0,4.0
20250514,06,20250514T06,341.0,12.0,25.0,16.0,2.0,29.0,236.0,11.0,3.0,5.0
20250514,07,20250514T07,354.0,11.0,24.0,15.0,1.0,32.0,249.0,11.0,3.0,4.0
20250514,08,20250514T08,349.0,13.0,26.0,11.0,2.0,29.0,248.0,12.0,3.0,4.0
20250514,09,20250514T09,345.0,15.0,26.0,17.0,2.0,25.0,244.0,7.0,4.0,5.0
20250514,10,20250514T10,366.0,13.0,24.0,15.0,2.0,31.0,256.0,13.0,4.0,5.0
20250514,11,20250514T11,370.0,14.0,26.0,16.0,2.0,32.0,258.0,12.0,3.0,5.0
20250514,12,20250514T12,352.0,12.0,24.0,16.0,2.0,24.0,257.0,6.0,3.0,5.0
20250514,13,20250514T13,349.0,14.0,17.0,24.0,2.0,28.0,241.0,12.0,4.0,6.0
20250514,14,20250514T14,350.0,13.0,27.0,17.0,2.0,32.0,238.0,11.0,3.0,5.0
20250514,15,20250514T15,357.0,14.0,25.0,9.0,2.0,31.0,254.0,12.0,3.0,5.0
20250514,16,20250514T16,350.0,13.0,26.0,16.0,2.0,35.0,238.0,9.0,4.0,5.0
20250514,17,20250514T17,346.0,11.0,24.0,11.0,2.0,25.0,250.0,11.0,4.0,6.0
20250514,18,20250514T18,341.0,10.0,16.0,13.0,2.0,26.0,251.0,11.0,4.0,6.0
20250514,19,20250514T19,350.0,11.0,21.0,18.0,2.0,36.0,238.0,13.0,3.0,5.0
20250514,20,20250514T20,341.0,12.0,24.0,14.0,2.0,23.0,247.0,7.0,4.0,6.0
20250514,21,20250514T21,349.0,13.0,25.0,15.0,2.0,34.0,237.0,12.0,3.0,5.0
20250514,22,20250514T22,356.0,12.0,19.0,16.0,2.0,25.0,261.0,11.0,3.0,5.0
20250514,23,20250514T23,344.0,11.0,24.0,16.0,2.0,30.0,240.0,11.0,3.0,5.0
20250515,00,20250515T00,370.0,12.0,26.0,15.0,2.0,31.0,261.0,12.0,4.0,6.0
20250515,01,20250515T01,360.0,12.0,26.0,15.0,2.0,30.0,253.0,12.0,3.0,5.0
20250515,02,20250515T02,357.0,11.0,26.0,16.0,2.0,25.0,255.0,11.0,4.0,5.0
20250515,03,20250515T03,336.0,13.0,25.0,12.0,2.0,21.0,240.0,12.0,4.0,5.0
20250515,04,20250515T04,339.0,12.0,25.0,19.0,2.0,24.0,236.0,10.0,4.0,6.0
20250515,05,20250515T05,363.0,12.0,23.0,15.0,2.0,32.0,258.0,11.0,4.0,6.0
20250515,06,20250515T06,340.0,13.0,25.0,14.0,2.0,23.0,246.0,6.0,4.0,5.0
20250515,07,20250515T07,369.0,12.0,27.0,17.0,2.0,29.0,261.0,12.0,4.0,5.0
20250515,08,20250515T08,358.0,13.0,27.0,17.0,2.0,35.0,243.0,12.0,4.0,5.0
20250515,09,20250515T09,358.0,16.0,24.0,14.0,2.0,32.0,248.0,12.0,4.0,5.0
20250515,10,20250515T10,313.0,12.0,26.0,11.0,2.0,21.0,227.0,6.0,4.0,5.0
20250515,11,20250515T11,356.0,12.0,25.0,16.0,2.0,31.0,248.0,12.0,3.0,5.0
20250515,12,20250515T12,348.0,12.0,25.0,10.0,2.0,24.0,255.0,11.0,3.0,5.0
20250515,13,20250515T13,362.0,16.0,25.0,16.0,2.0,31.0,251.0,11.0,4.0,6.0
20250515,14,20250515T14,342.0,17.0,29.0,17.0,3.0,26.0,235.0,7.0,4.0,5.0
20250515,15,20250515T15,323.0,12.0,14.0,15.0,2.0,23.0,235.0,12.0,4.0,5.0
20250515,16,20250515T16,357.0,12.0,26.0,15.0,2.0,33.0,246.0,12.0,3.0,5.0
20250515,17,20250515T17,352.0,12.0,18.0,11.0,2.0,36.0,251.0,12.0,3.0,6.0
20250515,18,20250515T18,333.0,14.0,25.0,15.0,2.0,25.0,235.0,6.0,4.0,10.0
20250515,19,20250515T19,333.0,13.0,25.0,15.0,2.0,23.0,235.0,11.0,4.0,5.0
20250515,20,20250515T20,467.0,73.0,38.0,26.0,2.0,42.0,265.0,12.0,3.0,5.0
20250515,21,20250515T21,337.0,12.0,25.0,15.0,2.0,24.0,243.0,6.0,3.0,5.0
20250515,22,20250515T22,338.0,12.0,25.0,15.0,2.0,24.0,244.0,7.0,4.0,5.0
20250515,23,20250515T23,351.0,12.0,25.0,16.0,2.0,34.0,238.0,13.0,3.0,5.0
20250516,00,20250516T00,339.0,12.0,25.0,15.0,2.0,24.0,238.0,11.0,4.0,11.0
20250516,01,20250516T01,353.0,12.0,26.0,15.0,2.0,24.0,251.0,11.0,4.0,6.0
20250516,02,20250516T02,339.0,12.0,24.0,14.0,2.0,32.0,233.0,11.0,4.0,5.0
20250516,03,20250516T03,340.0,15.0,25.0,17.0,1.0,26.0,235.0,11.0,3.0,5.0
20250516,04,20250516T04,339.0,13.0,26.0,15.0,2.0,24.0,243.0,6.0,3.0,5.0
20250516,05,20250516T05,337.0,11.0,24.0,15.0,2.0,31.0,234.0,11.0,4.0,5.0
20250516,06,20250516T06,349.0,11.0,29.0,16.0,2.0,31.0,238.0,11.0,3.0,5.0
20250516,07,20250516T07,342.0,11.0,24.0,14.0,1.0,28.0,243.0,11.0,4.0,5.0
20250516,08,20250516T08,332.0,11.0,26.0,15.0,2.0,24.0,241.0,6.0,3.0,5.0
20250516,09,20250516T09,363.0,12.0,28.0,16.0,3.0,33.0,253.0,10.0,3.0,5.0
20250516,10,20250516T10,345.0,14.0,33.0,23.0,2.0,27.0,230.0,8.0,3.0,5.0
20250516,11,20250516T11,348.0,12.0,25.0,9.0,2.0,29.0,249.0,12.0,4.0,6.0
20250516,12,20250516T12,342.0,12.0,24.0,14.0,2.0,30.0,238.0,12.0,3.0,5.0
20250516,13,20250516T13,343.0,12.0,27.0,16.0,2.0,31.0,234.0,12.0,3.0,8.0
20250516,14,20250516T14,335.0,12.0,17.0,16.0,2.0,25.0,245.0,8.0,3.0,8.0
20250516,15,20250516T15,367.0,13.0,40.0,26.0,2.0,33.0,234.0,11.0,4.0,10.0
20250516,16,20250516T16,349.0,12.0,26.0,17.0,2.0,26.0,249.0,6.0,3.0,5.0
20250516,17,20250516T17,341.0,13.0,26.0,16.0,2.0,29.0,235.0,11.0,3.0,5.0
20250516,18,20250516T18,325.0,10.0,20.0,14.0,2.0,30.0,230.0,11.0,4.0,5.0
20250516,19,20250516T19,348.0,14.0,30.0,16.0,2.0,26.0,238.0,11.0,4.0,5.0
20250516,20,20250516T20,331.0,12.0,25.0,15.0,2.0,24.0,233.0,11.0,3.0,4.0
20250516,21,20250516T21,350.0,13.0,27.0,17.0,2.0,27.0,243.0,11.0,3.0,5.0
20250516,22,20250516T22,339.0,11.0,28.0,16.0,2.0,25.0,239.0,6.0,4.0,5.0
20250516,23,20250516T23,378.0,45.0,22.0,16.0,2.0,31.0,240.0,12.0,3.0,5.0
20250517,00,20250517T00,362.0,15.0,24.0,17.0,2.0,32.0,249.0,12.0,4.0,5.0
20250517,01,20250517T01,362.0,12.0,25.0,15.0,2.0,31.0,256.0,11.0,4.0,5.0
20250517,02,20250517T02,363.0,12.0,27.0,17.0,1.0,24.0,260.0,11.0,4.0,5.0
20250517,03,20250517T03,337.0,13.0,25.0,16.0,2.0,25.0,237.0,10.0,3.0,5.0
20250517,04,20250517T04,332.0,11.0,29.0,16.0,2.0,24.0,231.0,9.0,4.0,5.0
20250517,05,20250517T05,352.0,12.0,28.0,16.0,2.0,29.0,244.0,11.0,3.0,5.0
20250517,06,20250517T06,348.0,13.0,30.0,15.0,2.0,25.0,241.0,11.0,4.0,6.0
20250517,07,20250517T07,341.0,11.0,24.0,15.0,2.0,23.0,245.0,10.0,3.0,5.0
20250517,08,20250517T08,390.0,12.0,35.0,27.0,2.0,34.0,259.0,10.0,4.0,4.0
20250517,09,20250517T09,360.0,13.0,25.0,16.0,2.0,25.0,258.0,10.0,4.0,6.0
20250517,10,20250517T10,343.0,13.0,24.0,14.0,2.0,24.0,248.0,9.0,3.0,5.0
20250517,11,20250517T11,335.0,13.0,25.0,11.0,2.0,25.0,239.0,10.0,4.0,6.0
20250517,12,20250517T12,334.0,12.0,26.0,14.0,2.0,24.0,235.0,10.0,3.0,5.0
20250517,13,20250517T13,343.0,11.0,24.0,13.0,2.0,25.0,248.0,9.0,4.0,5.0
20250517,14,20250517T14,345.0,13.0,25.0,17.0,2.0,24.0,248.0,6.0,3.0,6.0
20250517,15,20250517T15,346.0,11.0,25.0,15.0,2.0,24.0,253.0,6.0,3.0,5.0
20250517,16,20250517T16,335.0,12.0,25.0,15.0,2.0,25.0,238.0,10.0,4.0,5.0
20250517,17,20250517T17,335.0,11.0,18.0,13.0,2.0,23.0,246.0,10.0,4.0,6.0
20250517,18,20250517T18,338.0,12.0,17.0,16.0,2.0,24.0,252.0,6.0,4.0,7.0
20250517,19,20250517T19,323.0,10.0,23.0,15.0,2.0,24.0,231.0,6.0,4.0,8.0
20250517,20,20250517T20,351.0,11.0,26.0,11.0,2.0,24.0,256.0,10.0,4.0,5.0
20250517,21,20250517T21,350.0,12.0,26.0,16.0,2.0,23.0,254.0,7.0,4.0,9.0
20250517,22,20250517T22,340.0,13.0,26.0,17.0,2.0,29.0,237.0,6.0,4.0,5.0
20250517,23,20250517T23,312.0,12.0,23.0,8.0,2.0,20.0,226.0,10.0,3.0,10.0
20250518,00,20250518T00,355.0,12.0,31.0,15.0,2.0,23.0,250.0,10.0,4.0,5.0
20250518,01,20250518T01,363.0,12.0,25.0,16.0,2.0,30.0,258.0,10.0,4.0,5.0
20250518,02,20250518T02,353.0,13.0,27.0,16.0,1.0,24.0,255.0,6.0,3.0,6.0
20250518,03,20250518T03,362.0,13.0,26.0,16.0,2.0,25.0,258.0,11.0,4.0,6.0
20250518,04,20250518T04,370.0,12.0,32.0,16.0,2.0,26.0,262.0,11.0,4.0,6.0
20250518,05,20250518T05,337.0,12.0,24.0,14.0,2.0,23.0,245.0,6.0,4.0,5.0
20250518,06,20250518T06,363.0,13.0,26.0,15.0,2.0,29.0,257.0,11.0,4.0,5.0
20250518,07,20250518T07,339.0,11.0,27.0,15.0,2.0,25.0,238.0,11.0,3.0,5.0
20250518,08,20250518T08,323.0,12.0,25.0,9.0,2.0,21.0,234.0,10.0,4.0,5.0
20250518,09,20250518T09,354.0,12.0,23.0,16.0,2.0,29.0,251.0,11.0,4.0,4.0
20250518,10,20250518T10,342.0,11.0,26.0,15.0,2.0,27.0,239.0,11.0,5.0,6.0
20250518,11,20250518T11,343.0,12.0,24.0,15.0,2.0,22.0,252.0,6.0,3.0,5.0
20250518,12,20250518T12,349.0,11.0,24.0,15.0,2.0,27.0,250.0,10.0,4.0,5.0
20250518,13,20250518T13,331.0,13.0,22.0,15.0,2.0,25.0,233.0,10.0,4.0,5.0
20250518,14,20250518T14,331.0,13.0,25.0,17.0,2.0,23.0,233.0,7.0,4.0,6.0
20250518,15,20250518T15,320.0,12.0,23.0,14.0,2.0,23.0,229.0,6.0,4.0,5.0
20250518,16,20250518T16,346.0,12.0,24.0,16.0,2.0,25.0,250.0,7.0,3.0,5.0
20250518,17,20250518T17,340.0,13.0,24.0,16.0,2.0,27.0,238.0,10.0,4.0,5.0
20250518,18,20250518T18,329.0,12.0,25.0,15.0,2.0,23.0,232.0,9.0,3.0,5.0
20250518,19,20250518T19,352.0,12.0,26.0,14.0,2.0,28.0,248.0,10.0,4.0,6.0
20250518,20,20250518T20,346.0,10.0,25.0,16.0,2.0,25.0,247.0,10.0,4.0,6.0
20250518,21,20250518T21,338.0,12.0,26.0,16.0,2.0,26.0,236.0,10.0,3.0,5.0
20250518,22,20250518T22,335.0,12.0,25.0,10.0,2.0,21.0,245.0,10.0,4.0,5.0
20250518,23,20250518T23,332.0,11.0,23.0,16.0,2.0,30.0,231.0,10.0,4.0,5.0
20250519,00,20250519T00,342.0,11.0,23.0,12.0,2.0,23.0,249.0,10.0,4.0,5.0
20250519,01,20250519T01,345.0,12.0,25.0,16.0,2.0,26.0,247.0,7.0,4.0,5.0
20250519,02,20250519T02,336.0,12.0,25.0,16.0,2.0,23.0,238.0,11.0,3.0,5.0
20250519,03,20250519T03,339.0,12.0,25.0,16.0,2.0,24.0,239.0,11.0,3.0,6.0
20250519,04,20250519T04,359.0,12.0,25.0,15.0,2.0,28.0,255.0,11.0,4.0,6.0
20250519,05,20250519T05,333.0,11.0,26.0,15.0,2.0,27.0,231.0,11.0,3.0,4.0
20250519,06,20250519T06,326.0,11.0,25.0,15.0,2.0,23.0,229.0,10.0,3.0,5.0
20250519,07,20250519T07,336.0,11.0,25.0,15.0,1.0,30.0,231.0,12.0,3.0,7.0
20250519,08,20250519T08,332.0,12.0,25.0,11.0,2.0,26.0,235.0,11.0,4.0,6.0
20250519,09,20250519T09,339.0,12.0,26.0,16.0,2.0,23.0,238.0,10.0,4.0,5.0
20250519,10,20250519T10,359.0,11.0,26.0,16.0,2.0,29.0,255.0,11.0,3.0,5.0
20250519,11,20250519T11,352.0,15.0,23.0,15.0,2.0,30.0,246.0,11.0,3.0,4.0
20250519,12,20250519T12,366.0,11.0,31.0,24.0,2.0,26.0,251.0,11.0,4.0,5.0
20250519,13,20250519T13,419.0,18.0,44.0,30.0,2.0,40.0,264.0,11.0,3.0,5.0
20250519,14,20250519T14,339.0,15.0,29.0,16.0,2.0,25.0,232.0,11.0,3.0,5.0
20250519,15,20250519T15,346.0,28.0,23.0,11.0,2.0,20.0,247.0,5.0,4.0,7.0
20250519,16,20250519T16,371.0,12.0,26.0,15.0,2.0,31.0,251.0,12.0,3.0,6.0
20250519,17,20250519T17,313.0,13.0,25.0,11.0,2.0,21.0,226.0,5.0,3.0,5.0
20250519,18,20250519T18,332.0,12.0,24.0,12.0,2.0,22.0,239.0,11.0,4.0,5.0
20250519,19,20250519T19,352.0,13.0,27.0,15.0,2.0,29.0,244.0,12.0,4.0,5.0
20250519,20,20250519T20,351.0,13.0,27.0,18.0,2.0,31.0,239.0,12.0,4.0,5.0
20250519,21,20250519T21,349.0,13.0,25.0,14.0,2.0,24.0,250.0,10.0,4.0,5.0
20250519,22,20250519T22,354.0,14.0,25.0,15.0,2.0,24.0,251.0,11.0,4.0,5.0
20250519,23,20250519T23,341.0,12.0,26.0,16.0,2.0,30.0,237.0,10.0,4.0,5.0
20250520,00,20250520T00,342.0,13.0,24.0,15.0,2.0,29.0,238.0,11.0,4.0,5.0
20250520,01,20250520T01,344.0,12.0,25.0,16.0,2.0,30.0,241.0,11.0,3.0,5.0
20250520,02,20250520T02,334.0,13.0,25.0,16.0,1.0,23.0,240.0,5.0,3.0,5.0
20250520,03,20250520T03,371.0,12.0,34.0,16.0,2.0,27.0,259.0,11.0,4.0,5.0
20250520,04,20250520T04,345.0,12.0,28.0,10.0,1.0,21.0,252.0,11.0,4.0,5.0
20250520,05,20250520T05,333.0,12.0,25.0,10.0,2.0,25.0,238.0,10.0,4.0,5.0
20250520,06,20250520T06,345.0,12.0,29.0,15.0,2.0,28.0,238.0,11.0,4.0,5.0
20250520,07,20250520T07,367.0,12.0,22.0,26.0,2.0,35.0,249.0,11.0,4.0,6.0
20250520,08,20250520T08,378.0,12.0,25.0,15.0,2.0,34.0,268.0,11.0,4.0,5.0
20250520,09,20250520T09,360.0,13.0,28.0,16.0,2.0,30.0,248.0,12.0,4.0,6.0
20250520,10,20250520T10,337.0,13.0,25.0,16.0,1.0,26.0,235.0,11.0,3.0,5.0
20250520,11,20250520T11,313.0,13.0,25.0,11.0,2.0,20.0,225.0,6.0,3.0,5.0
20250520,12,20250520T12,358.0,12.0,24.0,16.0,2.0,30.0,253.0,11.0,3.0,5.0
20250520,13,20250520T13,347.0,12.0,25.0,16.0,2.0,32.0,240.0,11.0,4.0,6.0
20250520,14,20250520T14,363.0,14.0,26.0,15.0,2.0,27.0,258.0,11.0,4.0,5.0
20250520,15,20250520T15,343.0,12.0,24.0,11.0,2.0,26.0,246.0,11.0,4.0,5.0
20250520,16,20250520T16,349.0,16.0,26.0,16.0,2.0,31.0,238.0,11.0,3.0,10.0
20250520,17,20250520T17,332.0,12.0,24.0,11.0,2.0,31.0,230.0,10.0,4.0,6.0
20250520,18,20250520T18,327.0,12.0,25.0,16.0,2.0,24.0,229.0,10.0,4.0,6.0
20250520,19,20250520T19,388.0,15.0,38.0,27.0,2.0,39.0,246.0,11.0,3.0,5.0
20250520,20,20250520T20,338.0,12.0,26.0,15.0,2.0,31.0,233.0,10.0,4.0,5.0
20250520,21,20250520T21,351.0,13.0,23.0,16.0,2.0,28.0,250.0,11.0,3.0,5.0
20250520,22,20250520T22,333.0,14.0,26.0,16.0,2.0,24.0,235.0,6.0,4.0,5.0
20250520,23,20250520T23,362.0,13.0,27.0,16.0,2.0,32.0,250.0,12.0,4.0,5.0
20250521,00,20250521T00,338.0,11.0,23.0,17.0,3.0,28.0,237.0,10.0,4.0,5.0
20250521,01,20250521T01,345.0,12.0,27.0,16.0,2.0,30.0,237.0,12.0,4.0,5.0
20250521,02,20250521T02,329.0,13.0,25.0,16.0,2.0,24.0,233.0,6.0,4.0,5.0
20250521,03,20250521T03,341.0,10.0,19.0,21.0,2.0,30.0,236.0,12.0,4.0,6.0
20250521,04,20250521T04,339.0,12.0,28.0,20.0,2.0,24.0,232.0,11.0,3.0,4.0
20250521,05,20250521T05,323.0,11.0,24.0,10.0,2.0,25.0,231.0,11.0,4.0,5.0
20250521,06,20250521T06,338.0,12.0,25.0,11.0,2.0,22.0,245.0,11.0,4.0,5.0
20250521,07,20250521T07,339.0,12.0,24.0,15.0,2.0,33.0,232.0,11.0,3.0,5.0
20250521,08,20250521T08,343.0,13.0,25.0,10.0,2.0,21.0,251.0,11.0,4.0,5.0
20250521,09,20250521T09,345.0,13.0,33.0,17.0,2.0,26.0,235.0,12.0,4.0,5.0
20250521,10,20250521T10,329.0,13.0,27.0,14.0,2.0,22.0,236.0,5.0,4.0,5.0
20250521,11,20250521T11,323.0,12.0,26.0,16.0,2.0,23.0,227.0,6.0,3.0,5.0
20250521,12,20250521T12,384.0,44.0,23.0,15.0,2.0,32.0,249.0,11.0,3.0,6.0
20250521,13,20250521T13,361.0,17.0,17.0,26.0,1.0,30.0,250.0,11.0,4.0,5.0
20250521,14,20250521T14,362.0,14.0,26.0,15.0,2.0,31.0,251.0,12.0,3.0,5.0
20250521,15,20250521T15,342.0,11.0,23.0,15.0,2.0,24.0,248.0,10.0,4.0,5.0
20250521,16,20250521T16,358.0,14.0,25.0,17.0,2.0,27.0,251.0,12.0,4.0,5.0
20250521,17,20250521T17,345.0,12.0,26.0,16.0,2.0,29.0,240.0,11.0,3.0,5.0
20250521,18,20250521T18,347.0,11.0,26.0,16.0,2.0,24.0,253.0,6.0,3.0,5.0
20250521,19,20250521T19,370.0,12.0,26.0,19.0,2.0,33.0,255.0,12.0,4.0,6.0
20250521,20,20250521T20,358.0,13.0,25.0,12.0,2.0,24.0,260.0,11.0,4.0,6.0
20250521,21,20250521T21,345.0,12.0,26.0,16.0,2.0,30.0,238.0,11.0,4.0,7.0
20250521,22,20250521T22,371.0,13.0,25.0,16.0,2.0,37.0,255.0,12.0,3.0,5.0
20250521,23,20250521T23,357.0,12.0,25.0,15.0,2.0,29.0,253.0,11.0,3.0,5.0
20250522,00,20250522T00,355.0,13.0,25.0,15.0,2.0,26.0,252.0,11.0,4.0,6.0
20250522,01,20250522T01,333.0,12.0,25.0,10.0,2.0,23.0,240.0,11.0,3.0,5.0
20250522,02,20250522T02,347.0,13.0,27.0,10.0,1.0,23.0,251.0,11.0,4.0,6.0
20250522,03,20250522T03,369.0,13.0,29.0,17.0,2.0,26.0,260.0,12.0,4.0,6.0
20250522,04,20250522T04,336.0,13.0,25.0,15.0,2.0,26.0,235.0,10.0,4.0,5.0
20250522,05,20250522T05,359.0,12.0,26.0,17.0,2.0,30.0,251.0,11.0,4.0,4.0
20250522,06,20250522T06,345.0,14.0,27.0,17.0,2.0,23.0,246.0,7.0,3.0,5.0
20250522,07,20250522T07,320.0,13.0,23.0,16.0,2.0,23.0,227.0,6.0,3.0,7.0
20250522,08,20250522T08,347.0,12.0,26.0,16.0,2.0,31.0,239.0,11.0,3.0,5.0
20250522,09,20250522T09,358.0,13.0,28.0,16.0,2.0,34.0,243.0,12.0,3.0,11.0
20250522,10,20250522T10,345.0,14.0,26.0,16.0,2.0,30.0,235.0,12.0,3.0,5.0
20250522,11,20250522T11,350.0,12.0,28.0,16.0,2.0,30.0,240.0,11.0,3.0,5.0
20250522,12,20250522T12,343.0,13.0,28.0,11.0,2.0,27.0,240.0,11.0,4.0,5.0
20250522,13,20250522T13,357.0,13.0,20.0,37.0,2.0,27.0,237.0,11.0,4.0,5.0
20250522,14,20250522T14,393.0,14.0,35.0,19.0,2.0,36.0,263.0,13.0,4.0,6.0
20250522,15,20250522T15,351.0,11.0,27.0,16.0,2.0,24.0,251.0,11.0,3.0,5.0
20250522,16,20250522T16,360.0,15.0,26.0,16.0,2.0,29.0,250.0,11.0,4.0,6.0
20250522,17,20250522T17,355.0,13.0,26.0,16.0,2.0,29.0,249.0,11.0,3.0,5.0
20250522,18,20250522T18,341.0,12.0,26.0,13.0,2.0,32.0,233.0,12.0,4.0,6.0
20250522,19,20250522T19,350.0,13.0,27.0,17.0,2.0,29.0,241.0,12.0,3.0,5.0
20250522,20,20250522T20,356.0,12.0,25.0,14.0,2.0,29.0,254.0,9.0,4.0,6.0
20250522,21,20250522T21,357.0,12.0,26.0,16.0,2.0,25.0,257.0,12.0,4.0,5.0
20250522,22,20250522T22,358.0,11.0,20.0,20.0,2.0,25.0,259.0,11.0,4.0,5.0
20250522,23,20250522T23,357.0,12.0,25.0,15.0,2.0,25.0,257.0,11.0,4.0,10.0
20250523,00,20250523T00,345.0,13.0,24.0,14.0,2.0,26.0,245.0,11.0,3.0,5.0
20250523,01,20250523T01,340.0,12.0,26.0,16.0,2.0,25.0,236.0,11.0,4.0,5.0
20250523,02,20250523T02,346.0,13.0,30.0,12.0,2.0,21.0,250.0,6.0,4.0,6.0
20250523,03,20250523T03,349.0,50.0,13.0,13.0,2.0,23.0,231.0,7.0,4.0,5.0
20250523,04,20250523T04,357.0,12.0,24.0,19.0,2.0,26.0,253.0,11.0,3.0,5.0
20250523,05,20250523T05,349.0,12.0,27.0,17.0,2.0,29.0,241.0,10.0,4.0,5.0
20250523,06,20250523T06,352.0,11.0,26.0,17.0,2.0,35.0,241.0,12.0,4.0,5.0
20250523,07,20250523T07,362.0,12.0,26.0,15.0,2.0,28.0,259.0,12.0,3.0,5.0
20250523,08,20250523T08,343.0,12.0,28.0,16.0,1.0,24.0,245.0,6.0,3.0,4.0
20250523,09,20250523T09,353.0,14.0,17.0,20.0,2.0,34.0,243.0,13.0,4.0,5.0
20250523,10,20250523T10,335.0,12.0,17.0,16.0,2.0,32.0,238.0,10.0,3.0,5.0
20250523,11,20250523T11,370.0,12.0,25.0,16.0,2.0,32.0,260.0,12.0,3.0,10.0
20250523,12,20250523T12,365.0,13.0,27.0,16.0,2.0,25.0,259.0,11.0,4.0,5.0
20250523,13,20250523T13,341.0,15.0,24.0,15.0,2.0,24.0,244.0,6.0,3.0,5.0
20250523,14,20250523T14,352.0,13.0,25.0,16.0,2.0,25.0,248.0,12.0,3.0,5.0
20250523,15,20250523T15,336.0,11.0,26.0,15.0,2.0,29.0,232.0,10.0,3.0,5.0
20250523,16,20250523T16,340.0,10.0,16.0,18.0,2.0,29.0,244.0,11.0,3.0,10.0
20250523,17,20250523T17,324.0,11.0,23.0,12.0,2.0,20.0,237.0,10.0,3.0,5.0
20250523,18,20250523T18,349.0,12.0,26.0,11.0,2.0,26.0,251.0,11.0,4.0,5.0
20250523,19,20250523T19,341.0,12.0,27.0,16.0,2.0,28.0,239.0,6.0,4.0,6.0
20250523,20,20250523T20,347.0,13.0,26.0,17.0,2.0,30.0,239.0,12.0,3.0,5.0
20250523,21,20250523T21,333.0,11.0,22.0,14.0,3.0,29.0,233.0,12.0,3.0,5.0
20250523,22,20250523T22,352.0,11.0,26.0,16.0,2.0,27.0,249.0,10.0,4.0,5.0
20250523,23,20250523T23,342.0,12.0,25.0,15.0,2.0,28.0,240.0,11.0,3.0,6.0
20250524,00,20250524T00,332.0,13.0,26.0,15.0,2.0,24.0,234.0,7.0,4.0,5.0
20250524,01,20250524T01,336.0,12.0,24.0,11.0,2.0,27.0,238.0,10.0,4.0,5.0
20250524,02,20250524T02,345.0,15.0,25.0,16.0,2.0,25.0,239.0,11.0,4.0,6.0
20250524,03,20250524T03,357.0,12.0,26.0,11.0,2.0,23.0,262.0,11.0,4.0,5.0
20250524,04,20250524T04,351.0,13.0,28.0,18.0,2.0,24.0,248.0,6.0,4.0,6.0
20250524,05,20250524T05,341.0,13.0,25.0,13.0,2.0,30.0,235.0,12.0,4.0,5.0
20250524,06,20250524T06,330.0,13.0,27.0,16.0,2.0,24.0,232.0,6.0,3.0,5.0
20250524,07,20250524T07,326.0,12.0,24.0,15.0,2.0,23.0,232.0,6.0,3.0,5.0
20250524,08,20250524T08,346.0,12.0,27.0,17.0,3.0,29.0,239.0,11.0,5.0,5.0
20250524,09,20250524T09,347.0,13.0,25.0,15.0,2.0,31.0,240.0,10.0,4.0,5.0
20250524,10,20250524T10,352.0,12.0,25.0,16.0,2.0,23.0,253.0,10.0,3.0,5.0
20250524,11,20250524T11,372.0,44.0,24.0,16.0,2.0,27.0,239.0,10.0,3.0,6.0
20250524,12,20250524T12,334.0,11.0,24.0,15.0,2.0,23.0,242.0,6.0,3.0,5.0
20250524,13,20250524T13,337.0,12.0,27.0,14.0,2.0,22.0,239.0,11.0,4.0,5.0
20250524,14,20250524T14,323.0,12.0,27.0,11.0,3.0,22.0,233.0,6.0,4.0,5.0
20250524,15,20250524T15,329.0,12.0,25.0,15.0,2.0,24.0,234.0,6.0,4.0,5.0
20250524,16,20250524T16,340.0,14.0,23.0,11.0,2.0,21.0,249.0,9.0,4.0,5.0
20250524,17,20250524T17,354.0,12.0,26.0,16.0,2.0,27.0,251.0,10.0,4.0,6.0
20250524,18,20250524T18,357.0,13.0,25.0,16.0,2.0,29.0,254.0,10.0,3.0,5.0
20250524,19,20250524T19,366.0,39.0,23.0,16.0,2.0,27.0,238.0,11.0,4.0,5.0
20250524,20,20250524T20,365.0,13.0,26.0,16.0,2.0,30.0,257.0,10.0,4.0,6.0
20250524,21,20250524T21,325.0,11.0,21.0,14.0,2.0,24.0,232.0,10.0,4.0,5.0
20250524,22,20250524T22,326.0,13.0,24.0,14.0,2.0,25.0,229.0,10.0,3.0,5.0
20250524,23,20250524T23,338.0,10.0,22.0,11.0,2.0,21.0,251.0,11.0,3.0,6.0
20250525,00,20250525T00,351.0,12.0,25.0,15.0,2.0,23.0,254.0,10.0,3.0,5.0
20250525,01,20250525T01,368.0,13.0,26.0,16.0,2.0,31.0,260.0,10.0,4.0,5.0
20250525,02,20250525T02,340.0,12.0,26.0,15.0,2.0,27.0,238.0,11.0,4.0,5.0
20250525,03,20250525T03,361.0,11.0,31.0,15.0,2.0,29.0,251.0,11.0,4.0,5.0
20250525,04,20250525T04,351.0,15.0,30.0,16.0,2.0,29.0,237.0,11.0,4.0,5.0
20250525,05,20250525T05,320.0,11.0,15.0,11.0,2.0,21.0,245.0,6.0,3.0,5.0
20250525,06,20250525T06,344.0,12.0,26.0,16.0,2.0,29.0,239.0,10.0,4.0,6.0
20250525,07,20250525T07,383.0,12.0,27.0,17.0,2.0,32.0,270.0,12.0,4.0,6.0
20250525,08,20250525T08,353.0,12.0,26.0,16.0,1.0,25.0,253.0,11.0,4.0,5.0
20250525,09,20250525T09,358.0,14.0,25.0,16.0,2.0,26.0,255.0,11.0,4.0,5.0
20250525,10,20250525T10,327.0,11.0,17.0,14.0,2.0,27.0,236.0,10.0,4.0,5.0
20250525,11,20250525T11,320.0,12.0,25.0,10.0,2.0,21.0,234.0,6.0,4.0,5.0
20250525,12,20250525T12,343.0,11.0,16.0,16.0,2.0,25.0,253.0,10.0,3.0,5.0
20250525,13,20250525T13,359.0,14.0,26.0,16.0,2.0,29.0,251.0,11.0,4.0,6.0
20250525,14,20250525T14,355.0,13.0,26.0,16.0,2.0,26.0,251.0,11.0,3.0,8.0
20250525,15,20250525T15,333.0,12.0,23.0,13.0,2.0,22.0,244.0,5.0,4.0,6.0
20250525,16,20250525T16,349.0,28.0,25.0,12.0,2.0,25.0,237.0,10.0,3.0,5.0
20250525,17,20250525T17,355.0,11.0,26.0,16.0,2.0,27.0,255.0,6.0,4.0,6.0
20250525,18,20250525T18,321.0,11.0,24.0,15.0,2.0,24.0,230.0,6.0,4.0,6.0
20250525,19,20250525T19,348.0,12.0,24.0,15.0,2.0,26.0,250.0,9.0,4.0,5.0
20250525,20,20250525T20,379.0,14.0,37.0,26.0,2.0,34.0,246.0,11.0,3.0,5.0
20250525,21,20250525T21,347.0,12.0,28.0,17.0,2.0,28.0,238.0,11.0,4.0,6.0
20250525,22,20250525T22,342.0,11.0,26.0,17.0,2.0,28.0,239.0,10.0,3.0,5.0
20250525,23,20250525T23,353.0,11.0,25.0,16.0,2.0,28.0,251.0,11.0,4.0,5.0
20250526,00,20250526T00,349.0,12.0,25.0,15.0,2.0,24.0,250.0,10.0,4.0,5.0
20250526,01,20250526T01,344.0,11.0,24.0,15.0,2.0,31.0,239.0,12.0,3.0,5.0
20250526,02,20250526T02,351.0,11.0,24.0,16.0,2.0,26.0,251.0,12.0,4.0,5.0
20250526,03,20250526T03,357.0,12.0,31.0,15.0,2.0,30.0,253.0,6.0,4.0,5.0
20250526,04,20250526T04,352.0,14.0,24.0,15.0,2.0,24.0,251.0,10.0,4.0,5.0
20250526,05,20250526T05,348.0,11.0,24.0,15.0,2.0,24.0,253.0,10.0,3.0,5.0
20250526,06,20250526T06,357.0,11.0,26.0,16.0,2.0,31.0,250.0,12.0,4.0,6.0
20250526,07,20250526T07,329.0,12.0,27.0,12.0,2.0,25.0,233.0,11.0,3.0,6.0
20250526,08,20250526T08,340.0,12.0,27.0,16.0,2.0,29.0,234.0,11.0,3.0,4.0
20250526,09,20250526T09,338.0,14.0,23.0,14.0,2.0,30.0,234.0,10.0,4.0,5.0
20250526,10,20250526T10,319.0,12.0,25.0,15.0,2.0,23.0,227.0,5.0,4.0,5.0
20250526,11,20250526T11,358.0,12.0,25.0,15.0,1.0,29.0,255.0,11.0,3.0,5.0
20250526,12,20250526T12,333.0,12.0,25.0,16.0,2.0,24.0,234.0,10.0,3.0,5.0
20250526,13,20250526T13,362.0,15.0,31.0,10.0,2.0,29.0,255.0,11.0,4.0,5.0
20250526,14,20250526T14,349.0,11.0,24.0,16.0,2.0,27.0,249.0,10.0,4.0,5.0
20250526,15,20250526T15,320.0,10.0,16.0,14.0,2.0,25.0,233.0,10.0,4.0,5.0
20250526,16,20250526T16,343.0,11.0,23.0,16.0,2.0,23.0,252.0,6.0,4.0,5.0
20250526,17,20250526T17,352.0,11.0,25.0,14.0,2.0,27.0,251.0,10.0,4.0,5.0
20250526,18,20250526T18,335.0,12.0,26.0,15.0,2.0,25.0,235.0,10.0,3.0,5.0
20250526,19,20250526T19,345.0,14.0,24.0,15.0,2.0,28.0,240.0,11.0,3.0,6.0
20250526,20,20250526T20,363.0,12.0,26.0,15.0,2.0,33.0,253.0,11.0,4.0,6.0
20250526,21,20250526T21,352.0,13.0,26.0,12.0,2.0,26.0,254.0,10.0,3.0,5.0
20250526,22,20250526T22,348.0,12.0,28.0,16.0,2.0,28.0,240.0,11.0,4.0,5.0
20250526,23,20250526T23,340.0,11.0,26.0,16.0,2.0,28.0,237.0,10.0,4.0,5.0
20250527,00,20250527T00,319.0,12.0,25.0,12.0,2.0,21.0,232.0,6.0,3.0,6.0
20250527,01,20250527T01,331.0,12.0,25.0,15.0,2.0,26.0,235.0,6.0,4.0,6.0
20250527,02,20250527T02,334.0,12.0,26.0,16.0,2.0,24.0,235.0,11.0,3.0,5.0
20250527,03,20250527T03,335.0,13.0,31.0,12.0,1.0,25.0,233.0,11.0,3.0,5.0
20250527,04,20250527T04,363.0,13.0,26.0,16.0,2.0,29.0,255.0,11.0,4.0,6.0
20250527,05,20250527T05,361.0,12.0,26.0,17.0,1.0,32.0,254.0,10.0,3.0,5.0
20250527,06,20250527T06,340.0,12.0,28.0,15.0,2.0,23.0,241.0,10.0,4.0,5.0
20250527,07,20250527T07,341.0,11.0,25.0,15.0,2.0,30.0,236.0,12.0,3.0,5.0
20250527,08,20250527T08,331.0,12.0,24.0,16.0,1.0,28.0,231.0,9.0,4.0,5.0
20250527,09,20250527T09,368.0,13.0,24.0,22.0,2.0,32.0,254.0,11.0,4.0,5.0
20250527,10,20250527T10,344.0,12.0,25.0,15.0,2.0,28.0,240.0,11.0,4.0,6.0
20250527,11,20250527T11,375.0,13.0,26.0,15.0,2.0,36.0,260.0,11.0,4.0,6.0
20250527,12,20250527T12,342.0,13.0,28.0,14.0,2.0,27.0,237.0,11.0,4.0,5.0
20250527,13,20250527T13,362.0,12.0,22.0,19.0,2.0,27.0,259.0,12.0,3.0,5.0
20250527,14,20250527T14,361.0,13.0,28.0,19.0,3.0,37.0,240.0,12.0,3.0,5.0
20250527,15,20250527T15,304.0,11.0,17.0,15.0,2.0,23.0,223.0,6.0,3.0,5.0
20250527,16,20250527T16,323.0,11.0,23.0,13.0,2.0,24.0,229.0,11.0,3.0,5.0
20250527,17,20250527T17,339.0,11.0,24.0,14.0,2.0,33.0,232.0,11.0,3.0,5.0
20250527,18,20250527T18,373.0,13.0,27.0,17.0,1.0,31.0,262.0,12.0,3.0,5.0
20250527,19,20250527T19,362.0,13.0,26.0,15.0,2.0,33.0,251.0,13.0,4.0,5.0
20250527,20,20250527T20,360.0,11.0,16.0,16.0,2.0,37.0,256.0,12.0,3.0,5.0
20250527,21,20250527T21,342.0,12.0,26.0,16.0,3.0,26.0,238.0,12.0,3.0,6.0
20250527,22,20250527T22,341.0,12.0,26.0,16.0,2.0,24.0,245.0,6.0,4.0,5.0
20250527,23,20250527T23,314.0,11.0,25.0,10.0,2.0,21.0,230.0,5.0,3.0,5.0
20250528,00,20250528T00,356.0,13.0,27.0,15.0,2.0,24.0,253.0,11.0,3.0,5.0
20250528,01,20250528T01,363.0,12.0,26.0,16.0,2.0,26.0,259.0,12.0,3.0,5.0
20250528,02,20250528T02,351.0,13.0,26.0,15.0,2.0,31.0,241.0,13.0,4.0,5.0
20250528,03,20250528T03,370.0,11.0,26.0,15.0,2.0,29.0,264.0,12.0,4.0,5.0
20250528,04,20250528T04,345.0,12.0,28.0,14.0,2.0,29.0,238.0,11.0,4.0,5.0
20250528,05,20250528T05,359.0,11.0,25.0,14.0,2.0,26.0,261.0,11.0,4.0,5.0
20250528,06,20250528T06,355.0,13.0,25.0,13.0,2.0,22.0,258.0,11.0,3.0,5.0
20250528,07,20250528T07,341.0,12.0,27.0,11.0,2.0,24.0,246.0,8.0,4.0,6.0
20250528,08,20250528T08,339.0,12.0,29.0,14.0,2.0,31.0,231.0,12.0,3.0,5.0
20250528,09,20250528T09,364.0,13.0,27.0,16.0,2.0,29.0,257.0,11.0,4.0,6.0
20250528,10,20250528T10,351.0,11.0,26.0,15.0,2.0,28.0,246.0,12.0,3.0,5.0
20250528,11,20250528T11,337.0,12.0,24.0,16.0,2.0,29.0,233.0,11.0,4.0,5.0
20250528,12,20250528T12,370.0,12.0,24.0,16.0,2.0,33.0,261.0,12.0,4.0,5.0
20250528,13,20250528T13,371.0,14.0,28.0,20.0,2.0,26.0,260.0,11.0,3.0,5.0
20250528,14,20250528T14,349.0,13.0,26.0,19.0,2.0,32.0,237.0,11.0,4.0,5.0
20250528,15,20250528T15,355.0,12.0,26.0,16.0,2.0,27.0,250.0,12.0,3.0,5.0
20250528,16,20250528T16,366.0,16.0,24.0,17.0,3.0,27.0,259.0,11.0,3.0,5.0
20250528,17,20250528T17,332.0,12.0,27.0,16.0,2.0,24.0,233.0,8.0,4.0,5.0
20250528,18,20250528T18,338.0,11.0,25.0,15.0,2.0,30.0,235.0,10.0,3.0,5.0
20250528,19,20250528T19,345.0,11.0,25.0,16.0,2.0,23.0,247.0,11.0,3.0,5.0
20250528,20,20250528T20,359.0,13.0,26.0,15.0,2.0,29.0,252.0,11.0,3.0,5.0
20250528,21,20250528T21,349.0,12.0,23.0,15.0,2.0,29.0,247.0,11.0,3.0,5.0
20250528,22,20250528T22,372.0,14.0,26.0,16.0,2.0,34.0,257.0,12.0,4.0,6.0
20250528,23,20250528T23,369.0,12.0,28.0,17.0,2.0,29.0,259.0,10.0,4.0,6.0
20250529,00,20250529T00,362.0,12.0,26.0,17.0,2.0,25.0,257.0,11.0,4.0,5.0
20250529,01,20250529T01,365.0,13.0,29.0,17.0,3.0,30.0,254.0,11.0,3.0,5.0
20250529,02,20250529T02,354.0,11.0,23.0,15.0,2.0,30.0,253.0,10.0,4.0,5.0
20250529,03,20250529T03,357.0,12.0,26.0,16.0,2.0,24.0,257.0,8.0,4.0,5.0
20250529,04,20250529T04,347.0,12.0,30.0,16.0,2.0,32.0,235.0,10.0,4.0,5.0
20250529,05,20250529T05,358.0,13.0,28.0,16.0,2.0,24.0,254.0,11.0,4.0,5.0
20250529,06,20250529T06,334.0,12.0,24.0,15.0,2.0,24.0,237.0,10.0,4.0,5.0
20250529,07,20250529T07,369.0,13.0,27.0,17.0,2.0,33.0,256.0,10.0,4.0,5.0
20250529,08,20250529T08,337.0,12.0,25.0,16.0,2.0,24.0,237.0,10.0,4.0,6.0
20250529,09,20250529T09,336.0,12.0,21.0,20.0,2.0,23.0,241.0,6.0,3.0,4.0
20250529,10,20250529T10,340.0,10.0,21.0,16.0,2.0,32.0,237.0,11.0,4.0,5.0
20250529,11,20250529T11,359.0,12.0,26.0,12.0,3.0,29.0,257.0,12.0,4.0,6.0
20250529,12,20250529T12,348.0,12.0,28.0,16.0,2.0,30.0,238.0,12.0,3.0,5.0
20250529,13,20250529T13,375.0,17.0,27.0,17.0,2.0,33.0,258.0,12.0,3.0,5.0
20250529,14,20250529T14,364.0,13.0,26.0,15.0,2.0,28.0,259.0,11.0,4.0,6.0
20250529,15,20250529T15,316.0,12.0,24.0,10.0,2.0,20.0,227.0,11.0,3.0,5.0
20250529,16,20250529T16,347.0,10.0,15.0,16.0,2.0,35.0,246.0,12.0,4.0,5.0
20250529,17,20250529T17,342.0,13.0,26.0,16.0,2.0,24.0,246.0,6.0,3.0,5.0
20250529,18,20250529T18,323.0,11.0,24.0,13.0,2.0,23.0,230.0,10.0,3.0,5.0
20250529,19,20250529T19,345.0,12.0,25.0,15.0,2.0,28.0,243.0,10.0,3.0,4.0
20250529,20,20250529T20,336.0,11.0,24.0,16.0,2.0,27.0,237.0,11.0,3.0,5.0
20250529,21,20250529T21,386.0,16.0,37.0,26.0,2.0,33.0,252.0,10.0,4.0,5.0
20250529,22,20250529T22,351.0,13.0,26.0,16.0,2.0,24.0,248.0,11.0,4.0,5.0
20250529,23,20250529T23,335.0,12.0,27.0,16.0,2.0,24.0,234.0,10.0,4.0,7.0
20250530,00,20250530T00,336.0,10.0,24.0,16.0,2.0,24.0,239.0,11.0,4.0,5.0
20250530,01,20250530T01,368.0,13.0,27.0,16.0,2.0,31.0,257.0,12.0,4.0,6.0
20250530,02,20250530T02,354.0,13.0,25.0,20.0,2.0,25.0,252.0,6.0,3.0,6.0
20250530,03,20250530T03,361.0,15.0,26.0,12.0,2.0,23.0,261.0,12.0,3.0,6.0
20250530,04,20250530T04,346.0,13.0,27.0,12.0,2.0,24.0,252.0,6.0,4.0,5.0
20250530,05,20250530T05,360.0,12.0,26.0,16.0,2.0,28.0,256.0,11.0,3.0,5.0
20250530,06,20250530T06,352.0,13.0,25.0,17.0,2.0,33.0,239.0,11.0,4.0,5.0
20250530,07,20250530T07,356.0,13.0,26.0,16.0,2.0,29.0,249.0,11.0,3.0,5.0
20250530,08,20250530T08,333.0,11.0,25.0,16.0,1.0,28.0,232.0,11.0,3.0,5.0
20250530,09,20250530T09,374.0,13.0,27.0,12.0,2.0,27.0,270.0,11.0,4.0,6.0
20250530,10,20250530T10,355.0,10.0,23.0,15.0,2.0,31.0,252.0,11.0,3.0,5.0
20250530,11,20250530T11,330.0,11.0,25.0,10.0,2.0,27.0,234.0,11.0,4.0,5.0
20250530,12,20250530T12,339.0,11.0,25.0,17.0,2.0,23.0,245.0,6.0,4.0,6.0
20250530,13,20250530T13,349.0,11.0,22.0,10.0,2.0,27.0,254.0,11.0,4.0,6.0
20250530,14,20250530T14,361.0,12.0,27.0,16.0,2.0,28.0,255.0,11.0,4.0,5.0
20250530,15,20250530T15,332.0,12.0,17.0,16.0,2.0,25.0,240.0,10.0,4.0,5.0
20250530,16,20250530T16,336.0,13.0,24.0,15.0,2.0,24.0,237.0,10.0,4.0,5.0
20250530,17,20250530T17,321.0,11.0,26.0,11.0,1.0,20.0,236.0,5.0,3.0,5.0
20250530,18,20250530T18,349.0,12.0,25.0,15.0,2.0,24.0,252.0,10.0,4.0,5.0
20250530,19,20250530T19,359.0,12.0,26.0,15.0,2.0,24.0,259.0,10.0,3.0,5.0
20250530,20,20250530T20,347.0,12.0,26.0,16.0,2.0,29.0,241.0,10.0,4.0,6.0
20250530,21,20250530T21,332.0,11.0,22.0,16.0,2.0,26.0,235.0,10.0,3.0,5.0
20250530,22,20250530T22,352.0,13.0,25.0,10.0,2.0,26.0,255.0,11.0,4.0,5.0
20250530,23,20250530T23,348.0,11.0,24.0,15.0,2.0,29.0,246.0,11.0,4.0,7.0
20250531,00,20250531T00,340.0,11.0,23.0,12.0,2.0,25.0,247.0,11.0,4.0,6.0
20250531,01,20250531T01,332.0,14.0,26.0,16.0,2.0,24.0,233.0,7.0,3.0,5.0
20250531,02,20250531T02,361.0,14.0,24.0,16.0,1.0,30.0,255.0,10.0,3.0,5.0
20250531,03,20250531T03,348.0,12.0,26.0,15.0,2.0,23.0,250.0,10.0,3.0,5.0
20250531,04,20250531T04,347.0,13.0,26.0,10.0,2.0,21.0,253.0,10.0,4.0,5.0
20250531,05,20250531T05,352.0,11.0,24.0,16.0,2.0,28.0,251.0,11.0,3.0,5.0
20250531,06,20250531T06,355.0,12.0,25.0,15.0,2.0,23.0,258.0,11.0,5.0,5.0
20250531,07,20250531T07,330.0,11.0,25.0,15.0,2.0,24.0,236.0,6.0,4.0,5.0
20250531,08,20250531T08,337.0,12.0,24.0,15.0,2.0,26.0,237.0,10.0,4.0,5.0
20250531,09,20250531T09,350.0,17.0,23.0,16.0,1.0,24.0,253.0,6.0,3.0,5.0
20250531,10,20250531T10,336.0,12.0,25.0,16.0,2.0,24.0,235.0,12.0,4.0,6.0
20250531,11,20250531T11,340.0,12.0,23.0,11.0,2.0,21.0,255.0,6.0,4.0,5.0
20250531,12,20250531T12,371.0,64.0,15.0,10.0,2.0,27.0,234.0,10.0,3.0,5.0
20250531,13,20250531T13,348.0,13.0,26.0,15.0,2.0,24.0,251.0,7.0,4.0,5.0
20250531,14,20250531T14,320.0,12.0,24.0,14.0,2.0,23.0,227.0,7.0,3.0,5.0
20250531,15,20250531T15,340.0,10.0,16.0,15.0,2.0,24.0,253.0,10.0,3.0,5.0
20250531,16,20250531T16,347.0,12.0,23.0,14.0,2.0,27.0,248.0,10.0,4.0,5.0
20250531,17,20250531T17,328.0,11.0,25.0,15.0,2.0,25.0,232.0,6.0,3.0,5.0
20250531,18,20250531T18,339.0,12.0,26.0,17.0,2.0,24.0,239.0,9.0,4.0,6.0
20250531,19,20250531T19,318.0,12.0,22.0,13.0,2.0,24.0,228.0,9.0,4.0,5.0
20250531,20,20250531T20,316.0,10.0,21.0,10.0,2.0,23.0,231.0,9.0,3.0,5.0
20250531,21,20250531T21,345.0,11.0,25.0,10.0,2.0,22.0,254.0,10.0,4.0,5.0
20250531,22,20250531T22,318.0,11.0,24.0,10.0,2.0,21.0,234.0,6.0,3.0,5.0
20250531,23,20250531T23,348.0,11.0,26.0,15.0,2.0,25.0,249.0,10.0,3.0,5.0
20250601,00,20250601T00,358.0,11.0,25.0,18.0,2.0,24.0,259.0,10.0,3.0,6.0
20250601,01,20250601T01,347.0,12.0,26.0,16.0,2.0,29.0,240.0,11.0,4.0,5.0
20250601,02,20250601T02,334.0,11.0,29.0,16.0,2.0,24.0,233.0,10.0,3.0,5.0
20250601,03,20250601T03,330.0,11.0,24.0,14.0,2.0,23.0,236.0,10.0,4.0,5.0
20250601,04,20250601T04,333.0,12.0,24.0,16.0,2.0,24.0,235.0,10.0,4.0,5.0
20250601,05,20250601T05,334.0,12.0,24.0,15.0,2.0,26.0,234.0,10.0,4.0,6.0
20250601,06,20250601T06,360.0,12.0,26.0,15.0,2.0,25.0,258.0,11.0,4.0,5.0
20250601,07,20250601T07,322.0,11.0,22.0,9.0,1.0,26.0,231.0,12.0,3.0,5.0
20250601,08,20250601T08,336.0,11.0,24.0,14.0,2.0,27.0,237.0,10.0,4.0,6.0
20250601,09,20250601T09,344.0,14.0,24.0,16.0,1.0,24.0,244.0,10.0,4.0,5.0
20250601,10,20250601T10,341.0,12.0,26.0,16.0,2.0,25.0,241.0,10.0,3.0,5.0
20250601,11,20250601T11,325.0,12.0,22.0,9.0,1.0,21.0,244.0,5.0,3.0,5.0
20250601,12,20250601T12,312.0,11.0,15.0,14.0,2.0,23.0,228.0,10.0,4.0,5.0
20250601,13,20250601T13,331.0,11.0,24.0,14.0,2.0,26.0,234.0,10.0,4.0,6.0
20250601,14,20250601T14,354.0,13.0,24.0,15.0,2.0,28.0,252.0,9.0,4.0,5.0
20250601,15,20250601T15,322.0,11.0,21.0,13.0,2.0,22.0,233.0,9.0,3.0,5.0
20250601,16,20250601T16,335.0,11.0,22.0,14.0,1.0,31.0,235.0,10.0,4.0,6.0
20250601,17,20250601T17,324.0,12.0,23.0,11.0,2.0,21.0,234.0,10.0,4.0,5.0
20250601,18,20250601T18,327.0,11.0,25.0,15.0,2.0,23.0,231.0,10.0,3.0,5.0
20250601,19,20250601T19,346.0,12.0,25.0,16.0,2.0,29.0,240.0,11.0,4.0,6.0
20250601,20,20250601T20,337.0,11.0,27.0,11.0,2.0,22.0,244.0,10.0,3.0,5.0
20250601,21,20250601T21,371.0,12.0,17.0,21.0,2.0,33.0,263.0,12.0,4.0,5.0
20250601,22,20250601T22,325.0,13.0,26.0,11.0,2.0,20.0,232.0,11.0,4.0,5.0
20250601,23,20250601T23,353.0,11.0,26.0,16.0,2.0,30.0,248.0,11.0,3.0,6.0
20250602,00,20250602T00,344.0,12.0,24.0,13.0,2.0,23.0,248.0,11.0,4.0,6.0
20250602,01,20250602T01,343.0,12.0,26.0,16.0,2.0,30.0,237.0,11.0,3.0,5.0
20250602,02,20250602T02,333.0,12.0,23.0,15.0,1.0,24.0,238.0,11.0,4.0,6.0
20250602,03,20250602T03,348.0,13.0,26.0,15.0,2.0,30.0,239.0,12.0,4.0,5.0
20250602,04,20250602T04,345.0,13.0,25.0,11.0,2.0,20.0,253.0,10.0,3.0,5.0
20250602,05,20250602T05,317.0,11.0,23.0,14.0,2.0,22.0,229.0,6.0,3.0,5.0
20250602,06,20250602T06,340.0,11.0,17.0,17.0,2.0,26.0,244.0,13.0,3.0,5.0
20250602,07,20250602T07,347.0,12.0,24.0,12.0,2.0,27.0,250.0,10.0,3.0,5.0
20250602,08,20250602T08,332.0,12.0,25.0,16.0,2.0,27.0,231.0,11.0,4.0,5.0
20250602,09,20250602T09,346.0,13.0,19.0,19.0,2.0,34.0,237.0,11.0,3.0,5.0
20250602,10,20250602T10,331.0,11.0,24.0,13.0,2.0,31.0,231.0,10.0,3.0,5.0
20250602,11,20250602T11,346.0,12.0,24.0,15.0,2.0,29.0,245.0,11.0,3.0,5.0
20250602,12,20250602T12,338.0,27.0,25.0,15.0,2.0,24.0,231.0,6.0,3.0,7.0
20250602,13,20250602T13,344.0,13.0,28.0,15.0,2.0,29.0,235.0,11.0,4.0,5.0
20250602,14,20250602T14,379.0,12.0,35.0,12.0,2.0,32.0,262.0,12.0,4.0,6.0
20250602,15,20250602T15,344.0,12.0,24.0,16.0,2.0,34.0,236.0,11.0,3.0,5.0
20250602,16,20250602T16,346.0,13.0,26.0,18.0,2.0,31.0,237.0,11.0,4.0,5.0
20250602,17,20250602T17,340.0,11.0,17.0,15.0,2.0,23.0,250.0,12.0,4.0,6.0
20250602,18,20250602T18,332.0,11.0,23.0,14.0,2.0,28.0,232.0,11.0,4.0,5.0
20250602,19,20250602T19,345.0,14.0,21.0,18.0,2.0,29.0,240.0,11.0,3.0,5.0
20250602,20,20250602T20,333.0,12.0,24.0,11.0,2.0,29.0,234.0,12.0,3.0,5.0
20250602,21,20250602T21,357.0,11.0,25.0,16.0,2.0,25.0,258.0,10.0,4.0,6.0
20250602,22,20250602T22,343.0,13.0,25.0,11.0,2.0,28.0,241.0,11.0,4.0,5.0
20250602,23,20250602T23,347.0,13.0,24.0,14.0,2.0,23.0,251.0,10.0,3.0,5.0
20250603,00,20250603T00,344.0,11.0,23.0,14.0,2.0,25.0,247.0,11.0,4.0,5.0
20250603,01,20250603T01,350.0,13.0,25.0,16.0,2.0,29.0,246.0,10.0,4.0,5.0
20250603,02,20250603T02,333.0,11.0,25.0,10.0,2.0,21.0,242.0,12.0,4.0,5.0
20250603,03,20250603T03,339.0,12.0,27.0,16.0,2.0,25.0,238.0,11.0,3.0,5.0
20250603,04,20250603T04,341.0,14.0,27.0,12.0,2.0,21.0,249.0,6.0,4.0,5.0
20250603,05,20250603T05,355.0,11.0,25.0,16.0,2.0,32.0,248.0,11.0,3.0,5.0
20250603,06,20250603T06,329.0,12.0,23.0,15.0,1.0,23.0,239.0,6.0,3.0,5.0
20250603,07,20250603T07,353.0,11.0,23.0,14.0,2.0,28.0,255.0,10.0,4.0,5.0
20250603,08,20250603T08,333.0,12.0,24.0,10.0,2.0,21.0,247.0,10.0,4.0,5.0
20250603,09,20250603T09,351.0,10.0,18.0,19.0,2.0,33.0,247.0,12.0,4.0,5.0
20250603,10,20250603T10,344.0,11.0,25.0,15.0,2.0,24.0,246.0,11.0,3.0,5.0
20250603,11,20250603T11,341.0,12.0,25.0,16.0,2.0,30.0,235.0,11.0,3.0,5.0
20250603,12,20250603T12,353.0,13.0,26.0,12.0,2.0,32.0,245.0,11.0,5.0,6.0
20250603,13,20250603T13,349.0,13.0,25.0,19.0,2.0,31.0,237.0,11.0,4.0,5.0
20250603,14,20250603T14,378.0,15.0,32.0,24.0,2.0,31.0,253.0,12.0,3.0,5.0
20250603,15,20250603T15,391.0,12.0,24.0,15.0,2.0,36.0,280.0,12.0,4.0,8.0
20250603,16,20250603T16,344.0,11.0,23.0,17.0,2.0,26.0,247.0,9.0,3.0,5.0
20250603,17,20250603T17,318.0,11.0,24.0,15.0,1.0,23.0,228.0,6.0,3.0,5.0
20250603,18,20250603T18,353.0,14.0,26.0,16.0,2.0,28.0,249.0,10.0,4.0,5.0
20250603,19,20250603T19,336.0,12.0,25.0,16.0,2.0,25.0,237.0,8.0,4.0,6.0
20250603,20,20250603T20,346.0,13.0,23.0,17.0,2.0,32.0,237.0,12.0,3.0,6.0
20250603,21,20250603T21,341.0,12.0,25.0,14.0,2.0,30.0,236.0,12.0,3.0,5.0
20250603,22,20250603T22,323.0,12.0,25.0,11.0,2.0,21.0,236.0,6.0,3.0,5.0
20250603,23,20250603T23,342.0,13.0,22.0,16.0,2.0,29.0,240.0,11.0,4.0,6.0
20250604,00,20250604T00,352.0,12.0,24.0,16.0,2.0,34.0,241.0,11.0,4.0,5.0
20250604,01,20250604T01,346.0,12.0,25.0,16.0,1.0,32.0,238.0,11.0,3.0,5.0
20250604,02,20250604T02,332.0,12.0,14.0,15.0,2.0,32.0,236.0,11.0,4.0,6.0
20250604,03,20250604T03,339.0,12.0,25.0,20.0,2.0,25.0,235.0,11.0,3.0,5.0
20250604,04,20250604T04,351.0,12.0,27.0,16.0,2.0,35.0,239.0,12.0,3.0,5.0
20250604,05,20250604T05,361.0,12.0,26.0,16.0,2.0,30.0,255.0,12.0,4.0,6.0
20250604,06,20250604T06,346.0,13.0,25.0,16.0,2.0,31.0,237.0,12.0,3.0,5.0
20250604,07,20250604T07,325.0,12.0,23.0,14.0,2.0,24.0,229.0,11.0,3.0,5.0
20250604,08,20250604T08,367.0,14.0,25.0,17.0,2.0,30.0,258.0,11.0,4.0,10.0
20250604,09,20250604T09,366.0,11.0,25.0,16.0,2.0,32.0,258.0,12.0,4.0,5.0
20250604,10,20250604T10,362.0,13.0,24.0,15.0,2.0,24.0,261.0,11.0,4.0,6.0
20250604,11,20250604T11,434.0,19.0,34.0,33.0,2.0,43.0,280.0,12.0,4.0,5.0
20250604,12,20250604T12,439.0,21.0,45.0,31.0,2.0,41.0,277.0,12.0,4.0,6.0
20250604,13,20250604T13,422.0,16.0,32.0,31.0,2.0,47.0,273.0,13.0,4.0,5.0
20250604,14,20250604T14,391.0,18.0,17.0,34.0,1.0,42.0,257.0,12.0,3.0,5.0
20250604,15,20250604T15,393.0,18.0,41.0,31.0,2.0,30.0,251.0,9.0,4.0,6.0
20250604,16,20250604T16,415.0,20.0,29.0,36.0,3.0,44.0,261.0,13.0,4.0,5.0
20250604,17,20250604T17,426.0,20.0,26.0,34.0,2.0,43.0,277.0,13.0,4.0,6.0
20250604,18,20250604T18,429.0,20.0,29.0,34.0,2.0,41.0,280.0,13.0,3.0,5.0
20250604,19,20250604T19,439.0,22.0,49.0,23.0,2.0,39.0,280.0,14.0,3.0,5.0
20250604,20,20250604T20,429.0,20.0,32.0,36.0,2.0,43.0,273.0,13.0,3.0,5.0
20250604,21,20250604T21,418.0,17.0,29.0,31.0,2.0,47.0,267.0,14.0,4.0,5.0
20250604,22,20250604T22,388.0,20.0,26.0,19.0,2.0,35.0,262.0,13.0,4.0,5.0
20250604,23,20250604T23,427.0,20.0,27.0,34.0,2.0,43.0,277.0,13.0,4.0,5.0
20250605,00,20250605T00,436.0,18.0,31.0,35.0,2.0,44.0,281.0,13.0,3.0,5.0
20250605,01,20250605T01,439.0,20.0,30.0,35.0,2.0,42.0,286.0,13.0,3.0,5.0
20250605,02,20250605T02,383.0,20.0,31.0,19.0,2.0,34.0,256.0,13.0,4.0,5.0
20250605,03,20250605T03,447.0,22.0,38.0,33.0,2.0,45.0,284.0,13.0,3.0,5.0
20250605,04,20250605T04,412.0,17.0,28.0,36.0,2.0,43.0,265.0,13.0,4.0,5.0
20250605,05,20250605T05,425.0,19.0,28.0,26.0,2.0,44.0,283.0,14.0,4.0,6.0
20250605,06,20250605T06,418.0,18.0,27.0,31.0,2.0,40.0,277.0,12.0,4.0,5.0
20250605,07,20250605T07,398.0,19.0,24.0,31.0,2.0,42.0,258.0,12.0,4.0,5.0
20250605,08,20250605T08,391.0,21.0,26.0,28.0,2.0,41.0,250.0,12.0,4.0,5.0
20250605,09,20250605T09,378.0,18.0,25.0,26.0,2.0,39.0,246.0,12.0,3.0,5.0
20250605,10,20250605T10,409.0,19.0,28.0,31.0,2.0,39.0,268.0,12.0,4.0,6.0
20250605,11,20250605T11,447.0,19.0,46.0,33.0,2.0,43.0,282.0,13.0,3.0,9.0
20250605,12,20250605T12,447.0,19.0,49.0,31.0,2.0,44.0,278.0,13.0,3.0,5.0
20250605,13,20250605T13,400.0,18.0,31.0,31.0,2.0,43.0,252.0,14.0,3.0,5.0
20250605,14,20250605T14,425.0,20.0,28.0,36.0,2.0,47.0,268.0,13.0,4.0,5.0
20250605,15,20250605T15,440.0,20.0,31.0,34.0,2.0,41.0,288.0,13.0,4.0,5.0
20250605,16,20250605T16,431.0,20.0,30.0,34.0,2.0,43.0,278.0,13.0,3.0,5.0
20250605,17,20250605T17,392.0,17.0,31.0,20.0,2.0,32.0,268.0,12.0,4.0,6.0
20250605,18,20250605T18,405.0,21.0,27.0,34.0,2.0,32.0,269.0,10.0,3.0,10.0
20250605,19,20250605T19,439.0,20.0,30.0,35.0,2.0,45.0,282.0,14.0,3.0,5.0
20250605,20,20250605T20,422.0,20.0,30.0,35.0,2.0,45.0,269.0,10.0,3.0,5.0
20250605,21,20250605T21,425.0,16.0,29.0,37.0,2.0,42.0,277.0,14.0,4.0,5.0
20250605,22,20250605T22,418.0,19.0,26.0,36.0,2.0,44.0,268.0,13.0,4.0,5.0
20250605,23,20250605T23,432.0,21.0,45.0,35.0,2.0,44.0,262.0,14.0,3.0,5.0
20250606,00,20250606T00,420.0,19.0,30.0,34.0,2.0,44.0,267.0,14.0,3.0,5.0
20250606,01,20250606T01,402.0,16.0,24.0,32.0,2.0,46.0,257.0,14.0,3.0,5.0
20250606,02,20250606T02,436.0,18.0,50.0,30.0,2.0,45.0,269.0,12.0,3.0,6.0
20250606,03,20250606T03,418.0,19.0,28.0,32.0,2.0,43.0,270.0,13.0,3.0,5.0
20250606,04,20250606T04,427.0,17.0,46.0,33.0,2.0,43.0,263.0,12.0,4.0,5.0
20250606,05,20250606T05,434.0,21.0,30.0,32.0,2.0,45.0,282.0,13.0,4.0,5.0
20250606,06,20250606T06,394.0,20.0,31.0,32.0,2.0,37.0,254.0,10.0,4.0,5.0
20250606,07,20250606T07,436.0,18.0,45.0,34.0,2.0,41.0,274.0,14.0,3.0,5.0
20250606,08,20250606T08,408.0,21.0,30.0,23.0,2.0,35.0,274.0,13.0,4.0,5.0
20250606,09,20250606T09,401.0,18.0,29.0,33.0,2.0,40.0,257.0,13.0,3.0,6.0
20250606,10,20250606T10,436.0,19.0,31.0,36.0,2.0,47.0,277.0,14.0,3.0,5.0
20250606,11,20250606T11,430.0,20.0,50.0,36.0,2.0,44.0,254.0,14.0,3.0,5.0
20250606,12,20250606T12,434.0,19.0,32.0,31.0,2.0,50.0,276.0,14.0,3.0,5.0
20250606,13,20250606T13,436.0,20.0,30.0,36.0,2.0,47.0,278.0,13.0,3.0,5.0
20250606,14,20250606T14,440.0,20.0,28.0,37.0,2.0,46.0,284.0,14.0,3.0,5.0
20250606,15,20250606T15,431.0,21.0,31.0,34.0,2.0,42.0,278.0,14.0,4.0,5.0
20250606,16,20250606T16,423.0,15.0,46.0,27.0,2.0,45.0,265.0,13.0,3.0,5.0
20250606,17,20250606T17,416.0,19.0,30.0,35.0,3.0,43.0,264.0,14.0,3.0,5.0
20250606,18,20250606T18,403.0,19.0,30.0,21.0,2.0,36.0,275.0,12.0,4.0,6.0
20250606,19,20250606T19,430.0,17.0,26.0,36.0,2.0,44.0,282.0,14.0,3.0,5.0
20250606,20,20250606T20,429.0,17.0,30.0,33.0,2.0,43.0,279.0,13.0,3.0,5.0
20250606,21,20250606T21,431.0,18.0,27.0,35.0,2.0,43.0,284.0,12.0,3.0,5.0
20250606,22,20250606T22,409.0,21.0,46.0,30.0,2.0,42.0,247.0,12.0,4.0,5.0
20250606,23,20250606T23,406.0,17.0,29.0,30.0,2.0,41.0,264.0,12.0,3.0,5.0
20250607,00,20250607T00,374.0,21.0,17.0,23.0,2.0,35.0,256.0,12.0,3.0,5.0
20250607,01,20250607T01,432.0,19.0,31.0,35.0,1.0,42.0,282.0,12.0,3.0,5.0
20250607,02,20250607T02,391.0,19.0,47.0,20.0,2.0,32.0,248.0,12.0,4.0,5.0
20250607,03,20250607T03,405.0,15.0,32.0,35.0,2.0,41.0,259.0,13.0,3.0,5.0
20250607,04,20250607T04,425.0,19.0,43.0,34.0,2.0,39.0,267.0,12.0,4.0,5.0
20250607,05,20250607T05,390.0,16.0,27.0,33.0,2.0,38.0,252.0,12.0,4.0,5.0
20250607,06,20250607T06,389.0,16.0,28.0,19.0,2.0,31.0,270.0,12.0,3.0,5.0
20250607,07,20250607T07,434.0,20.0,45.0,32.0,2.0,39.0,273.0,12.0,3.0,5.0
20250607,08,20250607T08,386.0,18.0,24.0,28.0,2.0,35.0,257.0,11.0,3.0,5.0
20250607,09,20250607T09,407.0,19.0,40.0,32.0,2.0,32.0,264.0,7.0,3.0,5.0
20250607,10,20250607T10,394.0,19.0,25.0,29.0,2.0,40.0,258.0,12.0,3.0,5.0
20250607,11,20250607T11,394.0,18.0,38.0,32.0,2.0,31.0,252.0,9.0,4.0,6.0
20250607,12,20250607T12,406.0,18.0,29.0,29.0,2.0,40.0,268.0,12.0,4.0,5.0
20250607,13,20250607T13,410.0,17.0,28.0,28.0,2.0,40.0,272.0,13.0,4.0,5.0
20250607,14,20250607T14,404.0,16.0,26.0,30.0,2.0,41.0,267.0,12.0,3.0,5.0
20250607,15,20250607T15,394.0,15.0,32.0,30.0,2.0,31.0,264.0,10.0,3.0,5.0
20250607,16,20250607T16,397.0,15.0,27.0,32.0,2.0,38.0,261.0,12.0,4.0,5.0
20250607,17,20250607T17,396.0,18.0,25.0,31.0,2.0,36.0,262.0,11.0,4.0,5.0
20250607,18,20250607T18,359.0,15.0,27.0,16.0,2.0,29.0,246.0,12.0,4.0,6.0
20250607,19,20250607T19,411.0,19.0,28.0,34.0,2.0,42.0,262.0,12.0,5.0,6.0
20250607,20,20250607T20,409.0,18.0,30.0,34.0,1.0,42.0,263.0,12.0,4.0,10.0
20250607,21,20250607T21,392.0,19.0,19.0,31.0,2.0,38.0,262.0,12.0,4.0,6.0
20250607,22,20250607T22,391.0,19.0,29.0,32.0,2.0,38.0,253.0,11.0,3.0,7.0
20250607,23,20250607T23,402.0,18.0,39.0,30.0,2.0,31.0,262.0,9.0,3.0,5.0
20250608,00,20250608T00,373.0,17.0,24.0,17.0,2.0,28.0,262.0,11.0,3.0,4.0
20250608,01,20250608T01,381.0,17.0,31.0,16.0,2.0,30.0,264.0,10.0,3.0,5.0
20250608,02,20250608T02,436.0,17.0,48.0,30.0,2.0,39.0,278.0,12.0,4.0,5.0
20250608,03,20250608T03,388.0,19.0,26.0,30.0,2.0,39.0,250.0,12.0,3.0,5.0
20250608,04,20250608T04,394.0,18.0,40.0,30.0,2.0,37.0,247.0,11.0,3.0,5.0
20250608,05,20250608T05,391.0,17.0,25.0,26.0,2.0,37.0,263.0,13.0,3.0,5.0
20250608,06,20250608T06,382.0,16.0,26.0,27.0,2.0,35.0,254.0,11.0,4.0,5.0
20250608,07,20250608T07,417.0,18.0,42.0,27.0,2.0,39.0,268.0,11.0,3.0,6.0
20250608,08,20250608T08,389.0,16.0,27.0,26.0,2.0,40.0,257.0,11.0,4.0,5.0
20250608,09,20250608T09,399.0,18.0,28.0,28.0,2.0,41.0,259.0,12.0,4.0,6.0
20250608,10,20250608T10,370.0,17.0,26.0,16.0,2.0,34.0,252.0,13.0,4.0,5.0
20250608,11,20250608T11,392.0,18.0,35.0,32.0,2.0,30.0,257.0,10.0,3.0,5.0
20250608,12,20250608T12,408.0,20.0,42.0,32.0,2.0,31.0,261.0,9.0,3.0,5.0
20250608,13,20250608T13,377.0,19.0,27.0,19.0,1.0,32.0,256.0,11.0,4.0,5.0
20250608,14,20250608T14,380.0,17.0,23.0,19.0,2.0,32.0,265.0,12.0,3.0,5.0
20250608,15,20250608T15,364.0,17.0,24.0,23.0,2.0,29.0,247.0,12.0,4.0,5.0
20250608,16,20250608T16,417.0,18.0,29.0,26.0,1.0,41.0,278.0,12.0,4.0,5.0
20250608,17,20250608T17,407.0,18.0,27.0,34.0,2.0,38.0,268.0,11.0,3.0,5.0
20250608,18,20250608T18,414.0,17.0,27.0,32.0,2.0,39.0,275.0,12.0,3.0,5.0
20250608,19,20250608T19,406.0,16.0,30.0,35.0,2.0,42.0,261.0,12.0,4.0,5.0
20250608,20,20250608T20,441.0,17.0,29.0,34.0,2.0,46.0,289.0,13.0,4.0,5.0
20250608,21,20250608T21,403.0,16.0,27.0,33.0,2.0,40.0,264.0,12.0,4.0,6.0
20250608,22,20250608T22,407.0,16.0,42.0,28.0,2.0,40.0,259.0,13.0,3.0,5.0
20250608,23,20250608T23,409.0,17.0,37.0,29.0,2.0,40.0,262.0,12.0,4.0,5.0
20250609,00,20250609T00,401.0,18.0,26.0,30.0,2.0,36.0,267.0,11.0,4.0,5.0
20250609,01,20250609T01,405.0,18.0,27.0,31.0,2.0,43.0,261.0,12.0,3.0,10.0
20250609,02,20250609T02,450.0,19.0,50.0,36.0,2.0,48.0,271.0,14.0,3.0,5.0
20250609,03,20250609T03,398.0,14.0,32.0,32.0,2.0,33.0,265.0,11.0,4.0,5.0
20250609,04,20250609T04,411.0,21.0,44.0,32.0,2.0,31.0,264.0,7.0,4.0,5.0
20250609,05,20250609T05,414.0,18.0,28.0,31.0,2.0,40.0,273.0,12.0,3.0,5.0
20250609,06,20250609T06,396.0,18.0,29.0,31.0,1.0,39.0,256.0,12.0,3.0,5.0
20250609,07,20250609T07,430.0,18.0,41.0,30.0,2.0,40.0,278.0,11.0,4.0,6.0
20250609,08,20250609T08,409.0,16.0,27.0,31.0,2.0,39.0,272.0,12.0,3.0,5.0
20250609,09,20250609T09,415.0,18.0,31.0,33.0,2.0,39.0,271.0,10.0,4.0,5.0
20250609,10,20250609T10,424.0,21.0,33.0,38.0,2.0,41.0,264.0,14.0,4.0,6.0
20250609,11,20250609T11,477.0,22.0,54.0,39.0,3.0,46.0,289.0,13.0,4.0,5.0
20250609,12,20250609T12,438.0,20.0,35.0,39.0,2.0,47.0,271.0,14.0,4.0,5.0
20250609,13,20250609T13,430.0,21.0,33.0,37.0,2.0,45.0,268.0,13.0,4.0,5.0
20250609,14,20250609T14,433.0,22.0,28.0,35.0,2.0,48.0,274.0,14.0,4.0,6.0
20250609,15,20250609T15,429.0,21.0,34.0,35.0,2.0,43.0,273.0,13.0,3.0,5.0
20250609,16,20250609T16,418.0,19.0,29.0,33.0,2.0,45.0,266.0,12.0,4.0,5.0
20250609,17,20250609T17,422.0,19.0,32.0,37.0,2.0,45.0,263.0,13.0,3.0,5.0
20250609,18,20250609T18,428.0,18.0,30.0,35.0,2.0,44.0,277.0,13.0,4.0,5.0
20250609,19,20250609T19,442.0,21.0,36.0,38.0,2.0,45.0,277.0,13.0,4.0,5.0
20250609,20,20250609T20,411.0,15.0,29.0,23.0,2.0,37.0,282.0,13.0,3.0,5.0
20250609,21,20250609T21,441.0,19.0,32.0,36.0,2.0,43.0,285.0,13.0,3.0,5.0
20250609,22,20250609T22,415.0,18.0,33.0,33.0,2.0,43.0,264.0,12.0,3.0,7.0
20250609,23,20250609T23,468.0,19.0,45.0,34.0,2.0,43.0,296.0,19.0,3.0,5.0
20250610,00,20250610T00,452.0,23.0,39.0,37.0,2.0,47.0,281.0,13.0,4.0,5.0
20250610,01,20250610T01,460.0,20.0,55.0,38.0,2.0,46.0,276.0,12.0,4.0,5.0
20250610,02,20250610T02,467.0,18.0,53.0,38.0,2.0,47.0,284.0,15.0,3.0,5.0
20250610,03,20250610T03,455.0,20.0,54.0,37.0,2.0,50.0,267.0,14.0,3.0,5.0
20250610,04,20250610T04,446.0,21.0,53.0,38.0,3.0,44.0,263.0,14.0,4.0,6.0
20250610,05,20250610T05,426.0,20.0,32.0,35.0,2.0,45.0,268.0,13.0,4.0,5.0
20250610,06,20250610T06,438.0,20.0,30.0,35.0,2.0,43.0,284.0,13.0,4.0,6.0
20250610,07,20250610T07,429.0,18.0,47.0,36.0,1.0,42.0,262.0,12.0,4.0,5.0
20250610,08,20250610T08,437.0,19.0,31.0,35.0,1.0,42.0,286.0,13.0,3.0,5.0
20250610,09,20250610T09,389.0,20.0,33.0,20.0,2.0,38.0,252.0,14.0,3.0,5.0
20250610,10,20250610T10,443.0,20.0,36.0,37.0,2.0,45.0,278.0,15.0,3.0,6.0
20250610,11,20250610T11,445.0,21.0,31.0,38.0,2.0,47.0,284.0,14.0,4.0,5.0
20250610,12,20250610T12,460.0,24.0,58.0,36.0,2.0,49.0,266.0,14.0,4.0,6.0
20250610,13,20250610T13,430.0,21.0,32.0,38.0,2.0,45.0,268.0,14.0,3.0,5.0
20250610,14,20250610T14,442.0,21.0,31.0,38.0,2.0,51.0,275.0,13.0,4.0,5.0
20250610,15,20250610T15,455.0,20.0,36.0,38.0,2.0,49.0,285.0,14.0,4.0,6.0
20250610,16,20250610T16,437.0,22.0,54.0,36.0,2.0,35.0,268.0,10.0,3.0,6.0
20250610,17,20250610T17,434.0,20.0,33.0,37.0,2.0,45.0,274.0,12.0,4.0,6.0
20250610,18,20250610T18,433.0,19.0,32.0,35.0,2.0,48.0,274.0,14.0,3.0,5.0
20250610,19,20250610T19,425.0,18.0,35.0,37.0,2.0,45.0,264.0,14.0,4.0,5.0
20250610,20,20250610T20,423.0,16.0,45.0,21.0,2.0,37.0,277.0,14.0,3.0,5.0
20250610,21,20250610T21,413.0,20.0,33.0,23.0,2.0,40.0,270.0,14.0,3.0,5.0
20250610,22,20250610T22,427.0,19.0,33.0,37.0,2.0,47.0,266.0,13.0,3.0,5.0
20250610,23,20250610T23,444.0,18.0,50.0,35.0,2.0,45.0,269.0,13.0,4.0,6.0
